;???? ? ??? Shift JIS? ????? ???? ? ??? ? ????.


;------------------------------------------------------------
;	ŠçŠG
;------------------------------------------------------------
;Eƒtƒ@ƒCƒ‹ƒl[ƒ€‚ÍƒLƒƒƒ‰ID‚É‡‚í‚¹‚é
;EƒfƒtƒHİ’è width180 height180
;ƒTƒCƒY•Ï‚¦‚éê‡‚Í‘S‚ÄƒŠƒTƒCƒY‚µ‚È‚¢‚ÆƒYƒŒ‚Ü‚·
;ƒtƒHƒ“ƒg‚Ì10”{ˆÈã‚Å‘µ‚¦‚é
;k¬‚É‚Í‘Ï‚¦‚ç‚ê‚Ü‚·‚ªŠg‘å‚Í‚â‚ß‚½‚Ù‚¤‚ª‚¢‚¢‚©‚Æ

;EƒLƒƒƒ‰–ˆ‚É1–‡‰æ‘œƒtƒ@ƒCƒ‹‚Éû‚ß‚é
;•‘•ˆá‚¢‚ğ‚™²A•\î·•ª‚ğ‚˜²‚É‘İ
;EƒŠƒ\[ƒX’è‹`‹K‘¥
;ŠçŠG‚Ìí—Ş(ƒtƒ@ƒCƒ‹–¼ˆá‚¢)_•‘•(Y‚Ì’i—U‚è)_•\î(X‚Ì’i—U‚è)_ƒLƒƒƒ‰ID_·•ª
;í—Ş	—§‚¿ŠGAŠçŠG
;•‘•	‘ÌŒ`A•A—‡A“Áê•‘•
;•\î	’ÊíAÎŠçA“{‚èAƒIƒiƒj[Aˆ¤•A«Œğ
;ƒGƒtƒFƒNƒg Æ‚êA“f‘§AŠ¾
;·•ª   ƒGƒtƒFƒNƒg‚ğ‹¤—L‚µ‚È‚¢‰æ‘œ

;ƒŠƒ\[ƒX–¼,Œ³ƒtƒ@ƒCƒ‹–¼,x,y,width,height
;ƒfƒtƒHƒ‹ƒgƒl[ƒ€
;ŠçŠG_•_’Êí_17,17_Šç.webp,0,0,180,180

;_—‡
;‚È‚¢ƒLƒƒƒ‰‚Í•‚ÌÀ•W‚Å‘ã—p
;Šù‚É’è‹`‚³‚ê‚Ä‚¢‚é‚Ì‚ÅA’Ç‰Á‚µ‚½‚çÀ•W‚¾‚¯•Ï‚¦‚é
;ŠçŠG_—‡_’Êí_17,17_Šç.webp,0,180,180,180

;•\î
;ŠçŠG_•_ÎŠç_17,17_Šç.webp,180,0,180,180
;ŠçŠG_•_“{‚è_17,17_Šç.webp,360,0,180,180
;ŠçŠG_—‡_ÎŠç_17,17_Šç.webp,180,180,180,180
;ŠçŠG_—‡_“{‚è_17,17_Šç.webp,360,180,180,180
;ŠçŠG_—‡_ƒIƒiƒj[_17,17_Šç.webp,720,180,180,180
;ŠçŠG_—‡_ˆ¤•_17,17_Šç.webp,0,360,180,180
;ŠçŠG_—‡_«Œğ_17,17_Šç.webp,180,360,180,180

;ƒGƒtƒFƒNƒg ã‚©‚çd‚Ë‚Ä•\¦‚³‚ê‚Ü‚·
;ŠçŠG_Æ‚ê_17,17_Šç.webp,540,0,180,180
;ŠçŠG_“f‘§_17,17_Šç.webp,360,360,180,180
;ŠçŠG_Š¾_17,17_Šç.webp,540,360,180,180

;·•ª‚Í—‡‚âƒGƒtƒFƒNƒg‚ğ‹¤—L‚µ‚È‚¢‰æ‘œ‚Ég—p
;‹¤—L‚·‚éê‡‚Í“Áê•‘•‚ğg—p‚·‚é


;------------------------------------------------------------
;1_??
;------------------------------------------------------------
;•
ŠçŠG_•_’Êí_1,1_Šç.webp,0,0,180,180
ŠçŠG_•_ÎŠç_1,1_Šç.webp,180,0,180,180
ŠçŠG_•_“{‚è_1,1_Šç.webp,360,0,180,180
ŠçŠG_•_”­î_1,1_Šç.webp,900,0,180,180
;—‡
ŠçŠG_—‡_’Êí_1,1_Šç.webp,0,180,180,180
ŠçŠG_—‡_ÎŠç_1,1_Šç.webp,180,180,180,180
ŠçŠG_—‡_“{‚è_1,1_Šç.webp,360,180,180,180
ŠçŠG_—‡_”­î_1,1_Šç.webp,900,180,180,180
ŠçŠG_—‡_ƒIƒiƒj[_1,1_Šç.webp,720,180,180,180
ŠçŠG_—‡_ˆ¤•_1,1_Šç.webp,0,360,180,180
ŠçŠG_—‡_«Œğ_1,1_Šç.webp,180,360,180,180
;ƒGƒtƒFƒNƒg
ŠçŠG_Æ‚ê_1,1_Šç.webp,540,0,180,180
ŠçŠG_“f‘§_1,1_Šç.webp,360,360,180,180
ŠçŠG_Š¾_1,1_Šç.webp,540,360,180,180
;·•ª

;------------------------------------------------------------
;2_??
;------------------------------------------------------------
;•
ŠçŠG_•_’Êí_2,2_Šç.webp,0,0,180,180
ŠçŠG_•_ÎŠç_2,2_Šç.webp,180,0,180,180
ŠçŠG_•_“{‚è_2,2_Šç.webp,360,0,180,180
ŠçŠG_•_”­î_2,2_Šç.webp,900,0,180,180
;—‡
ŠçŠG_—‡_’Êí_2,2_Šç.webp,0,180,180,180
ŠçŠG_—‡_ÎŠç_2,2_Šç.webp,180,180,180,180
ŠçŠG_—‡_“{‚è_2,2_Šç.webp,360,180,180,180
ŠçŠG_—‡_”­î_2,2_Šç.webp,900,180,180,180
ŠçŠG_—‡_ƒIƒiƒj[_2,2_Šç.webp,720,180,180,180
ŠçŠG_—‡_ˆ¤•_2,2_Šç.webp,0,360,180,180
ŠçŠG_—‡_«Œğ_2,2_Šç.webp,180,360,180,180
;ƒGƒtƒFƒNƒg
ŠçŠG_Æ‚ê_2,2_Šç.webp,540,0,180,180
ŠçŠG_“f‘§_2,2_Šç.webp,360,360,180,180
ŠçŠG_Š¾_2,2_Šç.webp,540,360,180,180
;·•ª

;------------------------------------------------------------
;3_??
;------------------------------------------------------------
;•
ŠçŠG_•_’Êí_3,3_Šç.webp,0,0,180,180
ŠçŠG_•_ÎŠç_3,3_Šç.webp,180,0,180,180
ŠçŠG_•_“{‚è_3,3_Šç.webp,360,0,180,180
ŠçŠG_•_”­î_3,3_Šç.webp,900,0,180,180
;—‡
ŠçŠG_—‡_’Êí_3,3_Šç.webp,0,180,180,180
ŠçŠG_—‡_ÎŠç_3,3_Šç.webp,180,180,180,180
ŠçŠG_—‡_“{‚è_3,3_Šç.webp,360,180,180,180
ŠçŠG_—‡_”­î_3,3_Šç.webp,900,180,180,180
ŠçŠG_—‡_ƒIƒiƒj[_3,3_Šç.webp,720,180,180,180
ŠçŠG_—‡_ˆ¤•_3,3_Šç.webp,0,360,180,180
ŠçŠG_—‡_«Œğ_3,3_Šç.webp,180,360,180,180
;ƒGƒtƒFƒNƒg
ŠçŠG_Æ‚ê_3,3_Šç.webp,540,0,180,180
ŠçŠG_“f‘§_3,3_Šç.webp,360,360,180,180
ŠçŠG_Š¾_3,3_Šç.webp,540,360,180,180
;·•ª

;------------------------------------------------------------
;4_???
;------------------------------------------------------------
;•
ŠçŠG_•_’Êí_4,4_Šç.webp,0,0,180,180
ŠçŠG_•_ÎŠç_4,4_Šç.webp,180,0,180,180
ŠçŠG_•_“{‚è_4,4_Šç.webp,360,0,180,180
ŠçŠG_•_”­î_4,4_Šç.webp,900,0,180,180
;—‡
ŠçŠG_—‡_’Êí_4,4_Šç.webp,0,180,180,180
ŠçŠG_—‡_ÎŠç_4,4_Šç.webp,180,180,180,180
ŠçŠG_—‡_“{‚è_4,4_Šç.webp,360,180,180,180
ŠçŠG_—‡_”­î_4,4_Šç.webp,900,180,180,180
ŠçŠG_—‡_ƒIƒiƒj[_4,4_Šç.webp,720,180,180,180
ŠçŠG_—‡_ˆ¤•_4,4_Šç.webp,0,360,180,180
ŠçŠG_—‡_«Œğ_4,4_Šç.webp,180,360,180,180
;ƒGƒtƒFƒNƒg
ŠçŠG_Æ‚ê_4,4_Šç.webp,540,0,180,180
ŠçŠG_“f‘§_4,4_Šç.webp,360,360,180,180
ŠçŠG_Š¾_4,4_Šç.webp,540,360,180,180
;·•ª

;------------------------------------------------------------
;5_???
;------------------------------------------------------------
;•
ŠçŠG_•_’Êí_5,5_Šç.webp,0,0,180,180
ŠçŠG_•_ÎŠç_5,5_Šç.webp,180,0,180,180
ŠçŠG_•_“{‚è_5,5_Šç.webp,360,0,180,180
ŠçŠG_•_”­î_5,5_Šç.webp,900,0,180,180
;—‡
ŠçŠG_—‡_’Êí_5,5_Šç.webp,0,180,180,180
ŠçŠG_—‡_ÎŠç_5,5_Šç.webp,180,180,180,180
ŠçŠG_—‡_“{‚è_5,5_Šç.webp,360,180,180,180
ŠçŠG_—‡_”­î_5,5_Šç.webp,900,180,180,180
ŠçŠG_—‡_ƒIƒiƒj[_5,5_Šç.webp,720,180,180,180
ŠçŠG_—‡_ˆ¤•_5,5_Šç.webp,0,360,180,180
ŠçŠG_—‡_«Œğ_5,5_Šç.webp,180,360,180,180
;ƒGƒtƒFƒNƒg
ŠçŠG_Æ‚ê_5,5_Šç.webp,540,0,180,180
ŠçŠG_“f‘§_5,5_Šç.webp,360,360,180,180
ŠçŠG_Š¾_5,5_Šç.webp,540,360,180,180
;·•ª

;------------------------------------------------------------
;6_??
;------------------------------------------------------------
;•
ŠçŠG_•_’Êí_6,6_Šç.webp,0,0,180,180
ŠçŠG_•_ÎŠç_6,6_Šç.webp,180,0,180,180
ŠçŠG_•_“{‚è_6,6_Šç.webp,360,0,180,180
ŠçŠG_•_”­î_6,6_Šç.webp,900,0,180,180
;—‡
ŠçŠG_—‡_’Êí_6,6_Šç.webp,0,180,180,180
ŠçŠG_—‡_ÎŠç_6,6_Šç.webp,180,180,180,180
ŠçŠG_—‡_“{‚è_6,6_Šç.webp,360,180,180,180
ŠçŠG_—‡_”­î_6,6_Šç.webp,900,180,180,180
ŠçŠG_—‡_ƒIƒiƒj[_6,6_Šç.webp,720,180,180,180
ŠçŠG_—‡_ˆ¤•_6,6_Šç.webp,0,360,180,180
ŠçŠG_—‡_«Œğ_6,6_Šç.webp,180,360,180,180
;ƒGƒtƒFƒNƒg
ŠçŠG_Æ‚ê_6,6_Šç.webp,540,0,180,180
ŠçŠG_“f‘§_6,6_Šç.webp,360,360,180,180
ŠçŠG_Š¾_6,6_Šç.webp,540,360,180,180
;·•ª

;------------------------------------------------------------
;7_???
;------------------------------------------------------------
;•
ŠçŠG_•_’Êí_7,7_Šç.webp,0,0,180,180
ŠçŠG_•_ÎŠç_7,7_Šç.webp,180,0,180,180
ŠçŠG_•_“{‚è_7,7_Šç.webp,360,0,180,180
ŠçŠG_•_”­î_7,7_Šç.webp,900,0,180,180
;—‡
ŠçŠG_—‡_’Êí_7,7_Šç.webp,0,180,180,180
ŠçŠG_—‡_ÎŠç_7,7_Šç.webp,180,180,180,180
ŠçŠG_—‡_“{‚è_7,7_Šç.webp,360,180,180,180
ŠçŠG_—‡_”­î_7,7_Šç.webp,900,180,180,180
ŠçŠG_—‡_ƒIƒiƒj[_7,7_Šç.webp,720,180,180,180
ŠçŠG_—‡_ˆ¤•_7,7_Šç.webp,0,360,180,180
ŠçŠG_—‡_«Œğ_7,7_Šç.webp,180,360,180,180
;ƒGƒtƒFƒNƒg
ŠçŠG_Æ‚ê_7,7_Šç.webp,540,0,180,180
ŠçŠG_“f‘§_7,7_Šç.webp,360,360,180,180
ŠçŠG_Š¾_7,7_Šç.webp,540,360,180,180
;·•ª

;------------------------------------------------------------
;8_???
;------------------------------------------------------------
;•
ŠçŠG_•_’Êí_8,8_Šç.webp,0,0,180,180
ŠçŠG_•_ÎŠç_8,8_Šç.webp,180,0,180,180
ŠçŠG_•_“{‚è_8,8_Šç.webp,360,0,180,180
ŠçŠG_•_”­î_8,8_Šç.webp,900,0,180,180
;—‡
ŠçŠG_—‡_’Êí_8,8_Šç.webp,0,180,180,180
ŠçŠG_—‡_ÎŠç_8,8_Šç.webp,180,180,180,180
ŠçŠG_—‡_“{‚è_8,8_Šç.webp,360,180,180,180
ŠçŠG_—‡_”­î_8,8_Šç.webp,900,180,180,180
ŠçŠG_—‡_ƒIƒiƒj[_8,8_Šç.webp,720,180,180,180
ŠçŠG_—‡_ˆ¤•_8,8_Šç.webp,0,360,180,180
ŠçŠG_—‡_«Œğ_8,8_Šç.webp,180,360,180,180
;ƒGƒtƒFƒNƒg
ŠçŠG_Æ‚ê_8,8_Šç.webp,540,0,180,180
ŠçŠG_“f‘§_8,8_Šç.webp,360,360,180,180
ŠçŠG_Š¾_8,8_Šç.webp,540,360,180,180
;·•ª

;------------------------------------------------------------
;9_??
;------------------------------------------------------------
;•
ŠçŠG_•_’Êí_9,9_Šç.webp,0,0,180,180
ŠçŠG_•_ÎŠç_9,9_Šç.webp,180,0,180,180
ŠçŠG_•_“{‚è_9,9_Šç.webp,360,0,180,180
ŠçŠG_•_”­î_9,9_Šç.webp,900,0,180,180
;—‡
ŠçŠG_—‡_’Êí_9,9_Šç.webp,0,180,180,180
ŠçŠG_—‡_ÎŠç_9,9_Šç.webp,180,180,180,180
ŠçŠG_—‡_“{‚è_9,9_Šç.webp,360,180,180,180
ŠçŠG_—‡_”­î_9,9_Šç.webp,900,180,180,180
ŠçŠG_—‡_ƒIƒiƒj[_9,9_Šç.webp,720,180,180,180
ŠçŠG_—‡_ˆ¤•_9,9_Šç.webp,0,360,180,180
ŠçŠG_—‡_«Œğ_9,9_Šç.webp,180,360,180,180
;ƒGƒtƒFƒNƒg
ŠçŠG_Æ‚ê_9,9_Šç.webp,540,0,180,180
ŠçŠG_“f‘§_9,9_Šç.webp,360,360,180,180
ŠçŠG_Š¾_9,9_Šç.webp,540,360,180,180
;·•ª

;------------------------------------------------------------
;10_??
;------------------------------------------------------------
;•
ŠçŠG_•_’Êí_10,10_Šç.webp,0,0,180,180
ŠçŠG_•_ÎŠç_10,10_Šç.webp,180,0,180,180
ŠçŠG_•_“{‚è_10,10_Šç.webp,360,0,180,180
ŠçŠG_•_”­î_10,10_Šç.webp,900,0,180,180
;—‡
ŠçŠG_—‡_’Êí_10,10_Šç.webp,0,180,180,180
ŠçŠG_—‡_ÎŠç_10,10_Šç.webp,180,180,180,180
ŠçŠG_—‡_“{‚è_10,10_Šç.webp,360,180,180,180
ŠçŠG_—‡_”­î_10,10_Šç.webp,900,180,180,180
ŠçŠG_—‡_ƒIƒiƒj[_10,10_Šç.webp,720,180,180,180
ŠçŠG_—‡_ˆ¤•_10,10_Šç.webp,0,360,180,180
ŠçŠG_—‡_«Œğ_10,10_Šç.webp,180,360,180,180
;ƒGƒtƒFƒNƒg
ŠçŠG_Æ‚ê_10,10_Šç.webp,540,0,180,180
ŠçŠG_“f‘§_10,10_Šç.webp,360,360,180,180
ŠçŠG_Š¾_10,10_Šç.webp,540,360,180,180
;·•ª

;------------------------------------------------------------
;11_??
;------------------------------------------------------------
;•
ŠçŠG_•_’Êí_11,11_Šç.webp,0,0,180,180
ŠçŠG_•_ÎŠç_11,11_Šç.webp,180,0,180,180
ŠçŠG_•_“{‚è_11,11_Šç.webp,360,0,180,180
ŠçŠG_•_”­î_11,11_Šç.webp,900,0,180,180
;—‡
ŠçŠG_—‡_’Êí_11,11_Šç.webp,0,180,180,180
ŠçŠG_—‡_ÎŠç_11,11_Šç.webp,180,180,180,180
ŠçŠG_—‡_“{‚è_11,11_Šç.webp,360,180,180,180
ŠçŠG_—‡_”­î_11,11_Šç.webp,900,180,180,180
ŠçŠG_—‡_ƒIƒiƒj[_11,11_Šç.webp,720,180,180,180
ŠçŠG_—‡_ˆ¤•_11,11_Šç.webp,0,360,180,180
ŠçŠG_—‡_«Œğ_11,11_Šç.webp,180,360,180,180
;ƒGƒtƒFƒNƒg
ŠçŠG_Æ‚ê_11,11_Šç.webp,540,0,180,180
ŠçŠG_“f‘§_11,11_Šç.webp,360,360,180,180
ŠçŠG_Š¾_11,11_Šç.webp,540,360,180,180
;·•ª

;------------------------------------------------------------
;12_???
;------------------------------------------------------------
;•
ŠçŠG_•_’Êí_12,12_Šç.webp,0,0,180,180
ŠçŠG_•_ÎŠç_12,12_Šç.webp,180,0,180,180
ŠçŠG_•_“{‚è_12,12_Šç.webp,360,0,180,180
ŠçŠG_•_”­î_12,12_Šç.webp,900,0,180,180
;—‡
ŠçŠG_—‡_’Êí_12,12_Šç.webp,0,180,180,180
ŠçŠG_—‡_ÎŠç_12,12_Šç.webp,180,180,180,180
ŠçŠG_—‡_“{‚è_12,12_Šç.webp,360,180,180,180
ŠçŠG_—‡_”­î_12,12_Šç.webp,900,180,180,180
ŠçŠG_—‡_ƒIƒiƒj[_12,12_Šç.webp,720,180,180,180
ŠçŠG_—‡_ˆ¤•_12,12_Šç.webp,0,360,180,180
ŠçŠG_—‡_«Œğ_12,12_Šç.webp,180,360,180,180
;ƒGƒtƒFƒNƒg
ŠçŠG_Æ‚ê_12,12_Šç.webp,540,0,180,180
ŠçŠG_“f‘§_12,12_Šç.webp,360,360,180,180
ŠçŠG_Š¾_12,12_Šç.webp,540,360,180,180
;·•ª

;------------------------------------------------------------
;13_???
;------------------------------------------------------------
;•
ŠçŠG_•_’Êí_13,13_Šç.webp,0,0,180,180
ŠçŠG_•_ÎŠç_13,13_Šç.webp,180,0,180,180
ŠçŠG_•_“{‚è_13,13_Šç.webp,360,0,180,180
ŠçŠG_•_”­î_13,13_Šç.webp,900,0,180,180
;—‡
ŠçŠG_—‡_’Êí_13,13_Šç.webp,0,180,180,180
ŠçŠG_—‡_ÎŠç_13,13_Šç.webp,180,180,180,180
ŠçŠG_—‡_“{‚è_13,13_Šç.webp,360,180,180,180
ŠçŠG_—‡_”­î_13,13_Šç.webp,900,180,180,180
ŠçŠG_—‡_ƒIƒiƒj[_13,13_Šç.webp,720,180,180,180
ŠçŠG_—‡_ˆ¤•_13,13_Šç.webp,0,360,180,180
ŠçŠG_—‡_«Œğ_13,13_Šç.webp,180,360,180,180
;ƒGƒtƒFƒNƒg
ŠçŠG_Æ‚ê_13,13_Šç.webp,540,0,180,180
ŠçŠG_“f‘§_13,13_Šç.webp,360,360,180,180
ŠçŠG_Š¾_13,13_Šç.webp,540,360,180,180
;·•ª

;------------------------------------------------------------
;14_??
;------------------------------------------------------------
;•
ŠçŠG_•_’Êí_14,14_Šç.webp,0,0,180,180
ŠçŠG_•_ÎŠç_14,14_Šç.webp,180,0,180,180
ŠçŠG_•_“{‚è_14,14_Šç.webp,360,0,180,180
ŠçŠG_•_”­î_14,14_Šç.webp,900,0,180,180
;—‡
ŠçŠG_—‡_’Êí_14,14_Šç.webp,0,180,180,180
ŠçŠG_—‡_ÎŠç_14,14_Šç.webp,180,180,180,180
ŠçŠG_—‡_“{‚è_14,14_Šç.webp,360,180,180,180
ŠçŠG_—‡_”­î_14,14_Šç.webp,900,180,180,180
ŠçŠG_—‡_ƒIƒiƒj[_14,14_Šç.webp,720,180,180,180
ŠçŠG_—‡_ˆ¤•_14,14_Šç.webp,0,360,180,180
ŠçŠG_—‡_«Œğ_14,14_Šç.webp,180,360,180,180
;ƒGƒtƒFƒNƒg
ŠçŠG_Æ‚ê_14,14_Šç.webp,540,0,180,180
ŠçŠG_“f‘§_14,14_Šç.webp,360,360,180,180
ŠçŠG_Š¾_14,14_Šç.webp,540,360,180,180
;·•ª

;------------------------------------------------------------
;15_??
;------------------------------------------------------------
;•
ŠçŠG_•_’Êí_15,15_Šç.webp,0,0,180,180
ŠçŠG_•_ÎŠç_15,15_Šç.webp,180,0,180,180
ŠçŠG_•_“{‚è_15,15_Šç.webp,360,0,180,180
ŠçŠG_•_”­î_15,15_Šç.webp,900,0,180,180
;—‡
ŠçŠG_—‡_’Êí_15,15_Šç.webp,0,180,180,180
ŠçŠG_—‡_ÎŠç_15,15_Šç.webp,180,180,180,180
ŠçŠG_—‡_“{‚è_15,15_Šç.webp,360,180,180,180
ŠçŠG_—‡_”­î_15,15_Šç.webp,900,180,180,180
ŠçŠG_—‡_ƒIƒiƒj[_15,15_Šç.webp,720,180,180,180
ŠçŠG_—‡_ˆ¤•_15,15_Šç.webp,0,360,180,180
ŠçŠG_—‡_«Œğ_15,15_Šç.webp,180,360,180,180
;ƒGƒtƒFƒNƒg
ŠçŠG_Æ‚ê_15,15_Šç.webp,540,0,180,180
ŠçŠG_“f‘§_15,15_Šç.webp,360,360,180,180
ŠçŠG_Š¾_15,15_Šç.webp,540,360,180,180
;·•ª

;------------------------------------------------------------
;16_??(???)
;------------------------------------------------------------
;•
ŠçŠG_•_’Êí_16,16_Šç.webp,0,0,180,180
ŠçŠG_•_ÎŠç_16,16_Šç.webp,180,0,180,180
ŠçŠG_•_“{‚è_16,16_Šç.webp,360,0,180,180
ŠçŠG_•_”­î_16,16_Šç.webp,900,0,180,180
;—‡
ŠçŠG_—‡_’Êí_16,16_Šç.webp,0,180,180,180
ŠçŠG_—‡_ÎŠç_16,16_Šç.webp,180,180,180,180
ŠçŠG_—‡_“{‚è_16,16_Šç.webp,360,180,180,180
ŠçŠG_—‡_”­î_16,16_Šç.webp,900,180,180,180
ŠçŠG_—‡_ƒIƒiƒj[_16,16_Šç.webp,720,180,180,180
ŠçŠG_—‡_ˆ¤•_16,16_Šç.webp,0,360,180,180
ŠçŠG_—‡_«Œğ_16,16_Šç.webp,180,360,180,180
;ƒGƒtƒFƒNƒg
ŠçŠG_Æ‚ê_16,16_Šç.webp,540,0,180,180
ŠçŠG_“f‘§_16,16_Šç.webp,360,360,180,180
ŠçŠG_Š¾_16,16_Šç.webp,540,360,180,180
;·•ª

;------------------------------------------------------------
;17_??(???)
;------------------------------------------------------------
;•
ŠçŠG_•_’Êí_17,17_Šç.webp,0,0,180,180
ŠçŠG_•_ÎŠç_17,17_Šç.webp,180,0,180,180
ŠçŠG_•_“{‚è_17,17_Šç.webp,360,0,180,180
ŠçŠG_•_”­î_17,17_Šç.webp,900,0,180,180
;—‡
ŠçŠG_—‡_’Êí_17,17_Šç.webp,0,180,180,180
ŠçŠG_—‡_ÎŠç_17,17_Šç.webp,180,180,180,180
ŠçŠG_—‡_“{‚è_17,17_Šç.webp,360,180,180,180
ŠçŠG_—‡_”­î_17,17_Šç.webp,900,180,180,180
ŠçŠG_—‡_ƒIƒiƒj[_17,17_Šç.webp,720,180,180,180
ŠçŠG_—‡_ˆ¤•_17,17_Šç.webp,0,360,180,180
ŠçŠG_—‡_«Œğ_17,17_Šç.webp,180,360,180,180
;ƒGƒtƒFƒNƒg
ŠçŠG_Æ‚ê_17,17_Šç.webp,540,0,180,180
ŠçŠG_“f‘§_17,17_Šç.webp,360,360,180,180
ŠçŠG_Š¾_17,17_Šç.webp,540,360,180,180
;·•ª

;------------------------------------------------------------
;18_??(???)
;------------------------------------------------------------
;•
ŠçŠG_•_’Êí_18,18_Šç.webp,0,0,180,180
ŠçŠG_•_ÎŠç_18,18_Šç.webp,180,0,180,180
ŠçŠG_•_“{‚è_18,18_Šç.webp,360,0,180,180
ŠçŠG_•_”­î_18,18_Šç.webp,900,0,180,180
;—‡
ŠçŠG_—‡_’Êí_18,18_Šç.webp,0,180,180,180
ŠçŠG_—‡_ÎŠç_18,18_Šç.webp,180,180,180,180
ŠçŠG_—‡_“{‚è_18,18_Šç.webp,360,180,180,180
ŠçŠG_—‡_”­î_18,18_Šç.webp,900,180,180,180
ŠçŠG_—‡_ƒIƒiƒj[_18,18_Šç.webp,720,180,180,180
ŠçŠG_—‡_ˆ¤•_18,18_Šç.webp,0,360,180,180
ŠçŠG_—‡_«Œğ_18,18_Šç.webp,180,360,180,180
;ƒGƒtƒFƒNƒg
ŠçŠG_Æ‚ê_18,18_Šç.webp,540,0,180,180
ŠçŠG_“f‘§_18,18_Šç.webp,360,360,180,180
ŠçŠG_Š¾_18,18_Šç.webp,540,360,180,180
;·•ª

;------------------------------------------------------------
;19_???(???)
;------------------------------------------------------------
;•
ŠçŠG_•_’Êí_19,19_Šç.webp,0,0,180,180
ŠçŠG_•_ÎŠç_19,19_Šç.webp,180,0,180,180
ŠçŠG_•_“{‚è_19,19_Šç.webp,360,0,180,180
ŠçŠG_•_”­î_19,19_Šç.webp,900,0,180,180
;—‡
ŠçŠG_—‡_’Êí_19,19_Šç.webp,0,180,180,180
ŠçŠG_—‡_ÎŠç_19,19_Šç.webp,180,180,180,180
ŠçŠG_—‡_“{‚è_19,19_Šç.webp,360,180,180,180
ŠçŠG_—‡_”­î_19,19_Šç.webp,900,180,180,180
ŠçŠG_—‡_ƒIƒiƒj[_19,19_Šç.webp,720,180,180,180
ŠçŠG_—‡_ˆ¤•_19,19_Šç.webp,0,360,180,180
ŠçŠG_—‡_«Œğ_19,19_Šç.webp,180,360,180,180
;ƒGƒtƒFƒNƒg
ŠçŠG_Æ‚ê_19,19_Šç.webp,540,0,180,180
ŠçŠG_“f‘§_19,19_Šç.webp,360,360,180,180
ŠçŠG_Š¾_19,19_Šç.webp,540,360,180,180
;·•ª

;------------------------------------------------------------
;20_???(???)
;------------------------------------------------------------
;•
ŠçŠG_•_’Êí_20,20_Šç.webp,0,0,180,180
ŠçŠG_•_ÎŠç_20,20_Šç.webp,180,0,180,180
ŠçŠG_•_“{‚è_20,20_Šç.webp,360,0,180,180
ŠçŠG_•_”­î_20,20_Šç.webp,900,0,180,180
;—‡
ŠçŠG_—‡_’Êí_20,20_Šç.webp,0,180,180,180
ŠçŠG_—‡_ÎŠç_20,20_Šç.webp,180,180,180,180
ŠçŠG_—‡_“{‚è_20,20_Šç.webp,360,180,180,180
ŠçŠG_—‡_”­î_20,20_Šç.webp,900,180,180,180
ŠçŠG_—‡_ƒIƒiƒj[_20,20_Šç.webp,720,180,180,180
ŠçŠG_—‡_ˆ¤•_20,20_Šç.webp,0,360,180,180
ŠçŠG_—‡_«Œğ_20,20_Šç.webp,180,360,180,180
;ƒGƒtƒFƒNƒg
ŠçŠG_Æ‚ê_20,20_Šç.webp,540,0,180,180
ŠçŠG_“f‘§_20,20_Šç.webp,360,360,180,180
ŠçŠG_Š¾_20,20_Šç.webp,540,360,180,180
;·•ª

;------------------------------------------------------------
;21_??(???)
;------------------------------------------------------------
;•
ŠçŠG_•_’Êí_21,21_Šç.webp,0,0,180,180
ŠçŠG_•_ÎŠç_21,21_Šç.webp,180,0,180,180
ŠçŠG_•_“{‚è_21,21_Šç.webp,360,0,180,180
ŠçŠG_•_”­î_21,21_Šç.webp,900,0,180,180
;—‡
ŠçŠG_—‡_’Êí_21,21_Šç.webp,0,180,180,180
ŠçŠG_—‡_ÎŠç_21,21_Šç.webp,180,180,180,180
ŠçŠG_—‡_“{‚è_21,21_Šç.webp,360,180,180,180
ŠçŠG_—‡_”­î_21,21_Šç.webp,900,180,180,180
ŠçŠG_—‡_ƒIƒiƒj[_21,21_Šç.webp,720,180,180,180
ŠçŠG_—‡_ˆ¤•_21,21_Šç.webp,0,360,180,180
ŠçŠG_—‡_«Œğ_21,21_Šç.webp,180,360,180,180
;ƒGƒtƒFƒNƒg
ŠçŠG_Æ‚ê_21,21_Šç.webp,540,0,180,180
ŠçŠG_“f‘§_21,21_Šç.webp,360,360,180,180
ŠçŠG_Š¾_21,21_Šç.webp,540,360,180,180
;·•ª

;------------------------------------------------------------
;22_???(???)
;------------------------------------------------------------
;•
ŠçŠG_•_’Êí_22,22_Šç.webp,0,0,180,180
ŠçŠG_•_ÎŠç_22,22_Šç.webp,180,0,180,180
ŠçŠG_•_“{‚è_22,22_Šç.webp,360,0,180,180
ŠçŠG_•_”­î_22,22_Šç.webp,900,0,180,180
;—‡
ŠçŠG_—‡_’Êí_22,22_Šç.webp,0,180,180,180
ŠçŠG_—‡_ÎŠç_22,22_Šç.webp,180,180,180,180
ŠçŠG_—‡_“{‚è_22,22_Šç.webp,360,180,180,180
ŠçŠG_—‡_”­î_22,22_Šç.webp,900,180,180,180
ŠçŠG_—‡_ƒIƒiƒj[_22,22_Šç.webp,720,180,180,180
ŠçŠG_—‡_ˆ¤•_22,22_Šç.webp,0,360,180,180
ŠçŠG_—‡_«Œğ_22,22_Šç.webp,180,360,180,180
;ƒGƒtƒFƒNƒg
ŠçŠG_Æ‚ê_22,22_Šç.webp,540,0,180,180
ŠçŠG_“f‘§_22,22_Šç.webp,360,360,180,180
ŠçŠG_Š¾_22,22_Šç.webp,540,360,180,180
;·•ª

;------------------------------------------------------------
;23_???(???)
;------------------------------------------------------------
;•
ŠçŠG_•_’Êí_23,23_Šç.webp,0,0,180,180
ŠçŠG_•_ÎŠç_23,23_Šç.webp,180,0,180,180
ŠçŠG_•_“{‚è_23,23_Šç.webp,360,0,180,180
ŠçŠG_•_”­î_23,23_Šç.webp,900,0,180,180
;—‡
ŠçŠG_—‡_’Êí_23,23_Šç.webp,0,180,180,180
ŠçŠG_—‡_ÎŠç_23,23_Šç.webp,180,180,180,180
ŠçŠG_—‡_“{‚è_23,23_Šç.webp,360,180,180,180
ŠçŠG_—‡_”­î_23,23_Šç.webp,900,180,180,180
ŠçŠG_—‡_ƒIƒiƒj[_23,23_Šç.webp,720,180,180,180
ŠçŠG_—‡_ˆ¤•_23,23_Šç.webp,0,360,180,180
ŠçŠG_—‡_«Œğ_23,23_Šç.webp,180,360,180,180
;ƒGƒtƒFƒNƒg
ŠçŠG_Æ‚ê_23,23_Šç.webp,540,0,180,180
ŠçŠG_“f‘§_23,23_Šç.webp,360,360,180,180
ŠçŠG_Š¾_23,23_Šç.webp,540,360,180,180
;·•ª

;------------------------------------------------------------
;24_??(???)
;------------------------------------------------------------
;•
ŠçŠG_•_’Êí_24,24_Šç.webp,0,0,180,180
ŠçŠG_•_ÎŠç_24,24_Šç.webp,180,0,180,180
ŠçŠG_•_“{‚è_24,24_Šç.webp,360,0,180,180
ŠçŠG_•_”­î_24,24_Šç.webp,900,0,180,180
;—‡
ŠçŠG_—‡_’Êí_24,24_Šç.webp,0,180,180,180
ŠçŠG_—‡_ÎŠç_24,24_Šç.webp,180,180,180,180
ŠçŠG_—‡_“{‚è_24,24_Šç.webp,360,180,180,180
ŠçŠG_—‡_”­î_24,24_Šç.webp,900,180,180,180
ŠçŠG_—‡_ƒIƒiƒj[_24,24_Šç.webp,720,180,180,180
ŠçŠG_—‡_ˆ¤•_24,24_Šç.webp,0,360,180,180
ŠçŠG_—‡_«Œğ_24,24_Šç.webp,180,360,180,180
;ƒGƒtƒFƒNƒg
ŠçŠG_Æ‚ê_24,24_Šç.webp,540,0,180,180
ŠçŠG_“f‘§_24,24_Šç.webp,360,360,180,180
ŠçŠG_Š¾_24,24_Šç.webp,540,360,180,180
;·•ª

;------------------------------------------------------------
;25_??(???)
;------------------------------------------------------------
;•
ŠçŠG_•_’Êí_25,25_Šç.webp,0,0,180,180
ŠçŠG_•_ÎŠç_25,25_Šç.webp,180,0,180,180
ŠçŠG_•_“{‚è_25,25_Šç.webp,360,0,180,180
ŠçŠG_•_”­î_25,25_Šç.webp,900,0,180,180
;—‡
ŠçŠG_—‡_’Êí_25,25_Šç.webp,0,180,180,180
ŠçŠG_—‡_ÎŠç_25,25_Šç.webp,180,180,180,180
ŠçŠG_—‡_“{‚è_25,25_Šç.webp,360,180,180,180
ŠçŠG_—‡_”­î_25,25_Šç.webp,900,180,180,180
ŠçŠG_—‡_ƒIƒiƒj[_25,25_Šç.webp,720,180,180,180
ŠçŠG_—‡_ˆ¤•_25,25_Šç.webp,0,360,180,180
ŠçŠG_—‡_«Œğ_25,25_Šç.webp,180,360,180,180
;ƒGƒtƒFƒNƒg
ŠçŠG_Æ‚ê_25,25_Šç.webp,540,0,180,180
ŠçŠG_“f‘§_25,25_Šç.webp,360,360,180,180
ŠçŠG_Š¾_25,25_Šç.webp,540,360,180,180
;·•ª

;------------------------------------------------------------
;26_??
;------------------------------------------------------------
;•
ŠçŠG_•_’Êí_26,26_Šç.webp,0,0,180,180
ŠçŠG_•_ÎŠç_26,26_Šç.webp,180,0,180,180
ŠçŠG_•_“{‚è_26,26_Šç.webp,360,0,180,180
ŠçŠG_•_”­î_26,26_Šç.webp,900,0,180,180
;—‡
ŠçŠG_—‡_’Êí_26,26_Šç.webp,0,180,180,180
ŠçŠG_—‡_ÎŠç_26,26_Šç.webp,180,180,180,180
ŠçŠG_—‡_“{‚è_26,26_Šç.webp,360,180,180,180
ŠçŠG_—‡_”­î_26,26_Šç.webp,900,180,180,180
ŠçŠG_—‡_ƒIƒiƒj[_26,26_Šç.webp,720,180,180,180
ŠçŠG_—‡_ˆ¤•_26,26_Šç.webp,0,360,180,180
ŠçŠG_—‡_«Œğ_26,26_Šç.webp,180,360,180,180
;ƒGƒtƒFƒNƒg
ŠçŠG_Æ‚ê_26,26_Šç.webp,540,0,180,180
ŠçŠG_“f‘§_26,26_Šç.webp,360,360,180,180
ŠçŠG_Š¾_26,26_Šç.webp,540,360,180,180
;·•ª

;------------------------------------------------------------
;27_???
;------------------------------------------------------------
;•
ŠçŠG_•_’Êí_27,27_Šç.webp,0,0,180,180
ŠçŠG_•_ÎŠç_27,27_Šç.webp,180,0,180,180
ŠçŠG_•_“{‚è_27,27_Šç.webp,360,0,180,180
ŠçŠG_•_”­î_27,27_Šç.webp,900,0,180,180
;—‡
ŠçŠG_—‡_’Êí_27,27_Šç.webp,0,180,180,180
ŠçŠG_—‡_ÎŠç_27,27_Šç.webp,180,180,180,180
ŠçŠG_—‡_“{‚è_27,27_Šç.webp,360,180,180,180
ŠçŠG_—‡_”­î_27,27_Šç.webp,900,180,180,180
ŠçŠG_—‡_ƒIƒiƒj[_27,27_Šç.webp,720,180,180,180
ŠçŠG_—‡_ˆ¤•_27,27_Šç.webp,0,360,180,180
ŠçŠG_—‡_«Œğ_27,27_Šç.webp,180,360,180,180
;ƒGƒtƒFƒNƒg
ŠçŠG_Æ‚ê_27,27_Šç.webp,540,0,180,180
ŠçŠG_“f‘§_27,27_Šç.webp,360,360,180,180
ŠçŠG_Š¾_27,27_Šç.webp,540,360,180,180
;·•ª
